{
  "sequence_length": 24,
  "hidden_size": 64,
  "num_layers": 2,
  "epochs": 30,
  "final_accuracy": 0.9191176470588235,
  "precision": 0.9161882893226176,
  "recall": 0.8347280334728033,
  "f1_score": 0.8735632183908046
}